584196697206,/home/pi/Music/Hoerspiele/Ohrenbaer/Murkel und sein Esel 1 von 4.mp3
584196697206,/home/pi/Music/Hoerspiele/Ohrenbaer/Murkel und sein Esel 2 von 4.mp3
584196697206,/home/pi/Music/Hoerspiele/Ohrenbaer/Murkel und sein Esel 3 von 4.mp3
584196697206,/home/pi/Music/Hoerspiele/Ohrenbaer/Murkel und sein Esel 4 von 4.mp3
584193631048,/home/pi/Music/Hoerspiele/Ohrenbaer/Von den drei kleinen Zauberern.mp3
584190494835,/home/pi/Music/Hoerspiele/Ohrenbaer/Eine Schachtel voller Wunder.mp3
584196906248,/home/pi/Music/Hoerspiele/Der kleine Drache Kokosnuss/Zauberschüler/01 Titelnummer 1.mp3
584196906248,/home/pi/Music/Hoerspiele/Der kleine Drache Kokosnuss/Zauberschüler/02 Titelnummer 2.mp3
584196906248,/home/pi/Music/Hoerspiele/Der kleine Drache Kokosnuss/Zauberschüler/03 Titelnummer 3.mp3
584196906248,/home/pi/Music/Hoerspiele/Der kleine Drache Kokosnuss/Zauberschüler/04 Titelnummer 4.mp3
584196906248,/home/pi/Music/Hoerspiele/Der kleine Drache Kokosnuss/Zauberschüler/05 Titelnummer 5.mp3
584196906248,/home/pi/Music/Hoerspiele/Der kleine Drache Kokosnuss/Zauberschüler/06 Titelnummer 6.mp3
